FOREST_ID,CFIPS,Prop_Overlap
0102,16033,1.6271448764903e-05
0102,30049,4.38346966378943e-06
0102,30031,1.1138399136563e-05
0102,30093,0.0571911179236841
0102,30039,0.144891915288614
0102,16059,5.22095113916459e-05
0102,16043,4.09599827612545e-06
0102,30077,0.026122012831195
0102,30043,0.11027449323431
0102,30023,0.0669178989572574
0102,30081,4.50298499022931e-06
0102,30057,0.206980373535039
0102,30001,0.387529586417678
0110,30049,0.0154483621016614
0110,30073,9.72600387798893e-06
0110,30029,0.708398154516757
0110,30053,0.00631621833116018
0110,30077,0.0956417037550809
0110,30099,1.12786979636128e-05
0110,30035,7.26129425015211e-07
0110,30047,0.0841937447764651
0110,30063,0.089980046655743
0117,16049,0.750259026139351
0117,16009,0.00552059513344974
0117,16069,3.90226968340478e-05
0117,16003,8.82644788092452e-06
0117,16035,0.196668473302128
0117,16079,0.011802893327226
0117,16061,2.14587618054609e-06
0117,16057,0.0356681815237358
0117,30061,9.81738213950013e-06
0117,30081,1.37773453597994e-05
0117,30063,7.24082571598854e-06
0408,49027,0.179382392097772
0408,49041,0.423325815172981
0408,49017,0.0990018166546183
0408,49031,0.113845660079167
0408,49001,0.0804673506258665
0408,49055,0.0899744724491155
0408,49023,0.0116345830351254
0408,49021,0.00128548658599838
0408,49039,0.00108242329935885
0401,49013,0.497264449118329
0401,56037,0.0746619580915223
0401,49043,0.0091857871027929
0401,49009,0.187045845205918
0401,49047,0.197455567603613
0401,49049,0.00267599525213826
0401,49051,0.0317103976256869
0414,16037,0.221846780216213
0414,16077,0.0135856713410887
0414,16013,0.228168008887834
0414,49003,0.0420813105932462
0414,16039,0.0757057975274945
0414,32007,4.66809935524909e-06
0414,16031,0.182340386288884
0414,16071,0.00678011561104854
0414,16015,0.0332470192933188
0414,16083,0.044066080183889
0414,16025,0.152174161957631
0413,16033,0.00064267379010397
0413,16037,0.379209502839476
0413,16049,0.0150420554282819
0413,16013,0.00056109922007705
0413,16023,0.0511985734845815
0413,16085,0.0953510472422264
0413,16059,0.457947493342937
0413,16015,7.42178354765242e-06
0413,30081,2.35707935897606e-05
0413,30001,1.65620751493563e-05
0403,56023,0.252118583600289
0403,56013,0.0388836105336523
0403,56029,0.0505337037792615
0403,56039,0.321230214509743
0403,16029,1.21824183859112e-05
0403,16007,1.09848727337517e-07
0403,56035,0.337221595309937
0415,49033,8.01220132921834e-09
0415,56023,0.0122251159986407
0415,16051,1.43917477139914e-07
0415,49005,0.000938141297601298
0415,16041,0.0449948853549531
0415,16065,0.0135514255664454
0415,16033,0.117749267512255
0415,16019,0.161070922224216
0415,16081,0.0293641322333973
0415,16077,0.00229277084013691
0415,49003,0.00200974819319687
0415,30031,3.10273309778349e-05
0415,16023,0.0158088514565718
0415,16059,0.0249531946005463
0415,16071,0.0602231184863441
0415,16043,0.18108840555181
0415,16005,0.0451189946125281
0415,56039,0.0873047167881443
0415,16029,0.12537151225989
0415,16007,0.0758624002378345
0415,30057,5.46590843245971e-06
0415,30001,3.57516164012559e-05
0412,41063,2.3723231442896e-05
0412,16045,3.73988227543187e-06
0412,41001,6.42842076885146e-06
0412,16049,0.336914546035794
0412,16003,0.222690263597344
0412,16085,0.378993701990725
0412,16059,8.12763064971485e-07
0412,16087,0.0613667840785601
0212,08109,0.00611427643088389
0212,08027,0.0439221748685865
0212,35059,1.48186572816105e-07
0212,08097,2.98235659797116e-05
0212,08093,0.186561436893732
0212,08003,2.69262299236786e-06
0212,08059,0.0290817890951327
0212,08117,2.36651366470315e-05
0212,08101,0.0107488828321272
0212,08037,3.58486599760142e-05
0212,08023,0.000137009327235675
0212,08015,0.124396166583321
0212,08043,0.0279717369630647
0212,08055,0.0385814415324746
0212,20189,0.00290065239419595
0212,20129,0.0831703080016926
0212,08089,0.0678963261810463
0212,08011,2.77475510626078e-07
0212,08065,0.0450279819808429
0212,08019,0.00372162484350706
0212,40139,1.24446783676787e-05
0212,08035,0.0393718150229794
0212,08041,0.0312586633631481
0212,08119,0.0375971349495224
0212,08051,2.62179956506424e-05
0212,08009,0.169276016697582
0212,40025,1.56797134104978e-05
0212,08071,0.0521177640038413
0209,08109,0.325716057936704
0209,08027,1.77737547911643e-05
0209,08111,0.0115986268490214
0209,08003,0.0110487534553623
0209,08023,9.52879372332653e-06
0209,08015,2.34006524264295e-06
0209,08043,8.83547502745426e-06
0209,08055,9.36424824682328e-06
0209,08079,0.217621744847064
0209,08007,0.0119398212104801
0209,08053,0.106741751583017
0209,08105,0.154019365925706
0209,35039,4.31427258648096e-07
0209,08021,0.161265604428338
0202,56003,0.316085721399729
0202,56043,0.0331134751696639
0202,30003,0.000161930101606991
0202,56019,0.296554422968618
0202,56033,0.354084450360381
0203,46081,0.21675103648296
0203,56011,0.127184865998751
0203,46033,0.247238936549565
0203,46103,0.293000937393587
0203,56045,0.00470734037632192
0203,46047,0.0773789566109238
0203,46093,0.0337379265878841
0213,08067,0.222228925741645
0213,08111,0.0750583089230525
0213,08113,0.000116240229237756
0213,08083,0.133340945359994
0213,08079,0.0668498913054817
0213,08091,4.36965363211867e-07
0213,08007,0.243168552289727
0213,08053,0.0910696507606622
0213,08105,0.00233291194776712
0213,08021,0.00247966901057604
0213,08033,0.163354467466486
0207,31171,0.0386224857104956
0207,31045,0.0925770524464827
0207,46085,0.0522566625858602
0207,46071,0.109159900345591
0207,46033,0.0797908863721819
0207,46075,0.0150585102108836
0207,31165,0.0794118816240891
0207,31009,0.00510315745460949
0207,46117,0.0339234340718114
0207,46103,0.149574170691691
0207,46047,0.288056326105503
0207,56027,1.96843122813725e-05
0207,46102,2.74708719931111e-05
0207,31031,0.0564183771965149
0210,08093,0.00210799652704465
0210,08059,0.00114491844254594
0210,08117,4.65282688436961e-05
0210,08013,0.0829754919117781
0210,31105,6.71709088708966e-06
0210,08123,0.308252730248258
0210,56021,3.92380665446002e-06
0210,08069,0.334737959592768
0210,08047,0.0241901656677823
0210,56001,1.84293996817336e-05
0210,08057,8.41446025435362e-05
0210,08019,0.0719020521473719
0210,08075,2.04362324362441e-05
0210,08049,0.174508506061403
0214,56013,0.345989692292496
0214,56017,0.021962703477381
0214,30009,1.10172623488799e-06
0214,30067,2.60994172348274e-07
0214,56029,0.627046820428854
0214,56039,0.00110484662633932
0214,56035,0.00389457445451564
0204,08109,0.102915525121051
0204,08111,0.00101230319230966
0204,08097,3.42822603296079e-05
0204,08085,0.102790912647479
0204,08113,0.0685568837315384
0204,08015,5.0558146858542e-05
0204,08029,0.0615006430322189
0204,08045,0.000473723697293665
0204,08079,4.84413862097232e-05
0204,08091,0.0476410851246132
0204,08053,0.0559025494880494
0204,08051,0.408172745731514
0204,08077,0.150887514553846
0204,08033,1.28318866932893e-05
0215,08097,0.210331290740378
0215,08093,1.32523371168518e-05
0215,08081,0.00149483828460083
0215,08117,0.157039981959257
0215,08037,0.263499693607042
0215,08015,9.50460355316542e-06
0215,08029,2.08073383790542e-07
0215,08045,0.199653658221365
0215,08103,0.102794771808209
0215,08107,0.00250811667193293
0215,08065,4.72884441122203e-05
0215,08019,1.79952835225228e-05
0215,08051,0.0274661593600668
0215,08077,0.0350990992156407
0215,08049,2.41413898353332e-05
0206,08081,0.00843177249779003
0206,56009,0.158210612413265
0206,08045,0.00770759773084392
0206,56011,9.07091389200566e-05
0206,08103,0.0249439568849191
0206,56007,0.144226660938681
0206,56005,0.0986318255896387
0206,56025,0.00192779265649278
0206,08107,0.13468796183723
0206,08069,4.40340865419867e-05
0206,56031,0.00259217045988773
0206,56045,0.181024574386118
0206,56001,0.109590768301482
0206,08057,0.0894405165938982
0206,56027,0.00239387264398956
0206,08049,0.0360551738402998
0310,35047,0.226670941578377
0310,35055,9.70346625787774e-07
0310,35043,0.210491347372498
0310,35028,0.0249738895148093
0310,35033,0.0595812287119948
0310,35039,0.328144720764744
0310,35049,0.15013690171096
0301,35003,1.9893177820768e-05
0301,04017,0.259831643889816
0301,35017,6.34647526296986e-07
0301,04011,0.357601114499764
0301,04005,0.136828699844896
0301,04007,7.17981152270526e-05
0301,04009,0.00018977934332807
0301,04001,0.245456436481621
0309,04005,0.0312908647315378
0309,04025,0.968709135268463
0306,35003,0.627735508781709
0306,35017,0.262164453213288
0306,04011,3.58807628033085e-06
0306,35023,0.00226610505179179
0306,35053,1.25877711957745e-13
0306,04001,3.77508821192675e-07
0306,35051,0.107829967367982
0307,04005,0.98074826321902
0307,04015,0.00294219768069048
0307,04025,0.0163095391002913
0308,35035,0.521657262780076
0308,35015,0.109546448529917
0308,35027,0.335782331537815
0308,48109,3.29146490039621e-07
0308,35005,0.0330136280057018
0305,04021,0.0142394710509478
0305,04019,0.193342444727122
0305,04003,0.288839691749506
0305,35023,0.0398101552112999
0305,04009,0.214622833394451
0305,04023,0.249103518909357
0303,35003,0.0695152810710453
0303,35059,0.0534305873042986
0303,48211,0.000179394110223502
0303,35007,0.00153781404564166
0303,35043,0.0161705463643323
0303,35006,0.117947580116382
0303,35021,0.0461971214649544
0303,35053,0.258794760066502
0303,35033,0.00390710809329918
0303,48179,0.000435903141006705
0303,48111,0.127118372180861
0303,35027,0.0166114998196459
0303,35057,0.057627029717861
0303,35031,0.0776796155947512
0303,48421,9.4405700661004e-06
0303,40129,0.075405264968285
0303,35001,0.0294356856512946
0303,35051,0.00657593889908457
0303,40025,0.0362814273563759
0303,35061,0.00513962946409114
0302,35055,0.360629408171386
0302,35007,0.0449913696160888
0302,35033,0.0116750391827039
0302,08007,5.53711361558181e-07
0302,35039,0.582652956138234
0302,08021,5.06731802301285e-05
0312,04021,0.0683912829847827
0312,04013,0.232893565487831
0312,04005,0.000114253596746233
0312,04007,0.59024572528879
0312,04025,0.108355172641851
0304,04005,0.759690447515819
0304,04007,0.00307215297042104
0304,04025,0.237237399513748
0407,49025,0.083858295847114
0407,49017,0.525478207239035
0407,49053,0.238507943509049
0407,49031,0.0016636377537895
0407,32017,2.88679584636128e-07
0407,49021,0.150491626971429
0410,08085,0.0161020023894743
0410,49041,0.021876763721478
0410,49015,0.172293140309059
0410,49049,0.0662461741789847
0410,49023,0.0398577696609088
0410,49007,0.02745760760877
0410,49039,0.288264150534378
0410,49037,0.322458776204028
0410,08077,0.0030549362435704
0410,49019,0.0423886791493548
0419,49033,0.0281345959797958
0419,56041,0.0164315259384209
0419,49005,0.165682442110535
0419,16041,8.11546160114555e-06
0419,49013,0.0100140893779854
0419,49011,0.0170238778297662
0419,49003,0.0212501951070401
0419,49029,0.0509793592522973
0419,49057,0.072486559043314
0419,49035,0.0461452846384585
0419,49043,0.202588407722162
0419,49049,0.149512404378043
0419,49023,0.0163011490295411
0419,49039,0.0011100635137808
0419,49051,0.144819588699066
0419,16007,1.9792537751178e-08
0419,49045,0.0575123221256568
0417,06091,0.0044507090688734
0417,32013,0.0448578149256714
0417,32003,0.0424449317229467
0417,32021,0.0512755278536146
0417,06061,1.03867583198386e-05
0417,06035,0.000234736509365979
0417,32023,0.295196831745472
0417,32005,0.0248953214619682
0417,32033,0.116681140572131
0417,41045,2.81950386180899e-07
0417,06051,0.0601586107760576
0417,06109,4.77178119804908e-05
0417,32510,0.00339877566295058
0417,06003,0.0379501663042923
0417,06017,6.64895525074574e-06
0417,32011,0.0216390486607087
0417,32007,0.173549310840683
0417,32019,0.045462615804904
0417,32015,0.0448414042115479
0417,32031,0.0277261512925743
0417,06057,0.000766423189800485
0417,32017,0.00439543479952557
0417,16083,7.90807044965654e-07
0417,16073,2.97399959283261e-06
0417,06063,6.244314325157e-06
0402,16045,0.0251285055302477
0402,16037,0.000537122784757594
0402,16039,0.304950004752162
0402,16003,2.91626047361543e-05
0402,16085,0.292726247746099
0402,16001,0.0029746867084329
0402,16015,0.373643417082829
0402,16087,6.98595785215615e-06
0402,16025,3.86683291168168e-06
0919,42053,0.267395422803943
0919,42065,2.30752905485128e-06
0919,42047,0.199293811392662
0919,42083,0.246127646813294
0919,36009,5.10779970363864e-05
0919,42123,0.287129733464031
0908,17151,0.240026652808523
0908,17059,0.0576552915542265
0908,29201,5.11051346184846e-05
0908,17181,0.163137365284892
0908,17199,0.0498386582140746
0908,17069,0.110141242498447
0908,17127,0.0113174025455832
0908,17157,1.08021644032049e-05
0908,17087,0.113743780946864
0908,21225,2.71021960616087e-06
0908,17153,5.46299064570835e-06
0908,17003,0.0750927552126716
0908,21139,2.49051716482167e-05
0908,17165,0.0450586139569329
0908,29031,0.000441202688587425
0908,29157,2.29764376012042e-05
0908,17077,0.133429072170757
0616,41063,0.435238844748004
0616,41001,0.249815386842314
0616,16049,0.0470317812343181
0616,16069,0.00123180112086125
0616,41023,0.0339019977999084
0616,41045,0.00127021702528891
0616,16003,0.00997639985950534
0616,41061,0.208508047436734
0616,53003,2.44731907797167e-07
0616,41059,0.0130252792011431
0915,17197,1.00000000000001
1004,02020,0.0420127093693532
1004,02122,0.233498200297598
1004,02261,0.717125827416007
1004,02170,0.00731928424197123
1004,02282,4.39786751819274e-05
0909,27071,0.0295476141379901
0909,27075,0.295205089444384
0909,27137,0.426488271593641
0909,27031,0.248426939356898
0904,26123,0.173069346930031
0904,26001,0.103373096409561
0904,26085,0.10796030060087
0904,26139,0.00117826247858276
0904,26015,4.70593562587771e-06
0904,26143,1.56877392380108e-06
0904,26135,0.0951449180979045
0904,26129,0.015275080158898
0904,26105,0.0805123065360382
0904,26127,0.0870819314174446
0904,26165,0.0831850162850859
0904,26049,4.23434644859668e-06
0904,26137,2.03205272527586e-06
0904,26107,0.0148278920962665
0904,26069,0.0885057905377719
0904,26081,3.42203340329646e-07
0904,26117,0.00507624162639166
0904,26055,1.19551508772624e-06
0904,26039,0.0404582993639409
0904,26101,0.0734738336419835
0904,26133,2.0433052727424e-05
0904,26005,4.97449931506805e-07
0904,26121,0.0308426744893762
0912,18123,0.217111259888143
0912,18117,0.225186883539159
0912,18037,0.0119417162415955
0912,18005,1.4761931217777e-07
0912,21091,8.25978185988765e-11
0912,18013,0.0554109983627798
0912,18025,0.179013188319914
0912,21027,8.07596286570708e-06
0912,18071,0.0789250165278716
0912,18101,0.0791135549380631
0912,18105,0.0494854938039456
0912,18175,2.91633212798336e-06
0912,18093,0.103778920496258
0912,21163,2.18278854261948e-05
0914,39115,0.00908846671741431
0914,54103,5.88959499141964e-07
0914,39145,0.0392883725490509
0914,39163,0.0321839593640779
0914,54011,1.41105710417351e-06
0914,39111,0.168170249495977
0914,39087,0.190885874977362
0914,39073,0.0716898276316257
0914,54073,1.60136996906937e-05
0914,39079,0.00882746475217305
0914,39127,0.0934789261301522
0914,54095,3.28337537018063e-06
0914,39009,0.100058671420474
0914,39167,0.148499827074209
0914,39121,0.00657340292557429
0914,39053,0.131233659870231
0913,26071,6.59283037183173e-05
0913,26053,1.38895097856538e-06
0913,55003,0.103362602934546
0913,55085,0.00890912212799336
0913,55125,0.0476999505197358
0913,55007,0.163483714040092
0913,55067,0.0209527967793882
0913,55083,0.10010383714911
0913,55041,0.251360747258646
0913,55113,0.0786460686667641
0913,55119,0.0827999814555156
0913,55037,0.0579795426275286
0913,55051,1.96507161265952e-05
0913,55075,2.40532591073121e-05
0913,55099,0.0845865428037121
0913,55078,4.07240702876961e-06
0910,26103,0.00865372163247243
0910,26153,0.124594288950283
0910,26003,0.176296175974687
0910,26033,0.233193585127557
0910,26031,2.21699122310247e-05
0910,26097,0.153479633969053
0910,26041,0.303760424433691
0905,29123,0.0446571436454275
0905,05015,4.73081637539781e-05
0905,29179,0.045728276080654
0905,29043,0.0296826100099249
0905,29019,0.00613027336103921
0905,29067,0.0292056490358184
0905,29093,0.0575589117055369
0905,29209,0.0329434460050304
0905,29221,0.0442890343530617
0905,29153,0.029891930483326
0905,29023,0.0386070588561917
0905,29105,0.0266136027890282
0905,29223,0.0581750963789493
0905,29017,0.00305346066987228
0905,29149,0.0525572318648508
0905,29055,0.0419744951006047
0905,29186,0.00785343996526774
0905,29161,0.0501729905607997
0905,29009,0.047047473404247
0905,29181,0.0475096566023002
0905,29207,3.01386419915172e-06
0905,29169,0.0494985628425426
0905,29229,0.00662341724079057
0905,29213,0.0398224062695752
0905,29027,0.0164621735865856
0905,29215,0.0330569463508714
0905,29035,0.047248979116507
0905,29091,0.0297811121649797
0905,29203,0.0406495642087748
0905,29157,5.11574625012649e-05
0905,29187,0.00332419739659834
0905,29065,0.0397793804604001
0907,26103,0.00789862489791504
0907,26071,0.17458092954307
0907,26131,0.289713322302624
0907,26013,0.0324785275218599
0907,26053,0.369184408144837
0907,55125,9.85602920401102e-05
0907,55041,5.16250171577816e-05
0907,55051,9.87582720393114e-08
0907,26061,0.125993903522274
0920,36097,0.013447979564573
0920,50009,0.00198665274304469
0920,50021,0.134930739235401
0920,25003,3.98187228404294e-05
0920,36115,0.0001058905572489
0920,36083,9.33542190155815e-06
0920,36099,0.00623955965405144
0920,50003,0.502321488904657
0920,50027,0.0418144949353276
0920,50023,0.0209653486040765
0920,50001,0.149478826687721
0920,50025,0.128655089970724
0920,25011,4.77499851896256e-06
0921,54075,0.318352073204902
0921,51005,1.94500346303288e-05
0921,54077,0.00725757197762062
0921,54101,0.0612644724488622
0921,54001,9.55520138695863e-06
0921,54093,0.12135618217511
0921,51017,1.27199065356048e-05
0921,54023,0.0268281868230225
0921,54025,0.124405966952104
0921,54083,0.221905663472803
0921,54071,0.0922137634503599
0921,54067,0.0263580846118043
0921,51091,1.63097409483263e-05
0922,33009,0.433156990994126
0922,33007,0.27390585503656
0922,23031,0.0124463589163168
0922,23017,0.0872773307259201
0922,33003,0.193213464327023
0903,27001,6.16892825962193e-06
0903,27057,2.55593015965699e-05
0903,27071,5.44954085324808e-05
0903,27007,0.0990764533286355
0903,27061,0.443943063540935
0903,27021,0.456894259491983
1005,02130,0.17657011706506
1005,02220,0.105190652065941
1005,02198,0.185777397898325
1005,02195,0.10471956583047
1005,02275,0.0931186992318396
1005,02110,0.0971627257024821
1005,02100,0.0444372054202894
1005,02282,0.0709285909621049
1005,02230,0.00490698105161699
1005,02105,0.116955567679735
0618,41005,0.000563573345104067
0618,41035,1.37761331773198e-05
0618,41047,0.085033812640989
0618,41043,0.286541016546034
0618,41039,0.599193708965074
0618,41019,0.0276434647274949
0618,41017,0.000275842074136454
0618,41031,0.000734805567790988
0612,41003,0.0473335934400329
0612,41011,0.0185819806790908
0612,41057,0.129608579524153
0612,41039,0.359407523891042
0612,41019,0.114060302863314
0612,41041,0.29632895066302
0612,41053,0.00173742120606011
0612,41071,0.0329416477333062
0604,41013,0.00543341890254613
0604,41001,0.0259962201858251
0604,41023,0.670296165218244
0604,41045,0.000339353495146481
0604,41025,0.297934842198248
0603,53041,0.350237799404383
0603,53077,0.0265153183766808
0603,53039,0.00691728555729123
0603,53015,0.0248166156552167
0603,53011,0.000783008516779265
0603,53053,0.00736766754673625
0603,53067,0.000646402218783465
0603,53059,0.582715902724071
0606,41005,0.521703816053423
0606,41051,0.0540136272889842
0606,41047,0.0530388167582473
0606,41027,0.196357747810122
0606,41065,0.171882535993966
0606,41031,0.00300345609527319
0860,47161,0.371868133838418
0860,21143,0.245694360249155
0860,21221,0.382437505913272
0836,45003,0.367637162704603
0836,13033,3.7843575005427e-06
0836,45005,0.0206169613753947
0836,45011,0.611742091562565
0622,41051,0.136187226858915
0622,41027,0.13241631504066
0622,41065,0.152893601708421
0622,53039,0.253975352940311
0622,41055,2.4484348737211e-05
0622,53011,0.0262424990878927
0622,53059,0.29826052001508
0801,01027,0.113873926113245
0801,13233,1.36677621827957e-07
0801,01019,0.00386225720323449
0801,01065,0.032106248512734
0801,01105,0.0878751489199252
0801,01125,0.0160040881121047
0801,01053,0.0446635857988457
0801,01133,0.178869139494998
0801,01121,0.0777540411179147
0801,01087,0.0121362078819211
0801,01043,4.7408908624201e-06
0801,01047,0.00670495059815309
0801,01029,0.104540683952481
0801,12091,1.28166513411091e-05
0801,01015,0.0291261941042397
0801,01079,0.0869419704592518
0801,01059,0.004593475556521
0801,12113,5.298427546349e-06
0801,01127,2.99739829990836e-05
0801,01007,0.0815661967937636
0801,01021,0.0311471059189067
0801,01031,3.1295811495051e-05
0801,01039,0.0881505170198003
0505,41035,6.99356036280712e-09
0505,41029,0.0158550626281055
0505,06105,0.000190329708244547
0505,06023,1.06290043788014e-05
0505,41033,3.30443622311523e-08
0505,06015,3.69361017474933e-05
0505,06093,0.983907002519569
0514,06089,0.256897733181782
0514,06105,0.517627318095525
0514,06023,0.00194804148449858
0514,06103,0.0300662943221994
0514,06093,0.193460612915997
0509,41035,1.23880513699883e-06
0509,06035,0.095645602140207
0509,41037,1.72548603656688e-07
0509,06049,0.812946815725634
0509,06093,0.0914061707804152
0502,06073,0.718625543314148
0502,06065,0.162723719208772
0502,06059,0.118650737477075
0508,06105,0.07043120087499
0508,06045,0.196118401293264
0508,06011,0.0681237717023883
0508,06103,0.175829140187149
0508,06007,0.000190329030046334
0508,06033,0.281739883756772
0508,06021,0.207567273155358
0516,06009,0.134715796552488
0516,06043,0.0878355894719507
0516,06051,8.37285759211836e-05
0516,06109,0.6620040902991
0516,06003,0.115301676178986
0516,06005,5.91189215861069e-05
0515,06043,0.0766434634059052
0515,06027,0.000236033473148953
0515,06051,9.65960076495747e-05
0515,06019,0.645746135887933
0515,06039,0.277277771225383
0510,06105,0.211966824926618
0510,06023,0.300752165492945
0510,41033,1.35475446091022e-08
0510,06015,0.329716945625845
0510,41015,4.67845103425917e-05
0510,06093,0.157517265896558
0501,06037,0.965373856810856
0501,06071,0.0346261431891461
0506,06035,0.366829296837247
0506,06089,0.247779124496138
0506,06049,0.00888236336196647
0506,06103,0.192880803378789
0506,06007,0.0333555152196653
0506,06063,0.120723520548457
0506,06093,0.0295493761577074
0511,06091,0.0338542648393901
0511,06035,0.0285756416437678
0511,06115,0.0235114602352519
0511,06007,0.0991612023660706
0511,06063,0.814897430915537
0507,06083,0.350626446244419
0507,06111,0.310185501175092
0507,06037,0.00672977527028199
0507,06053,0.16834943149289
0507,06029,0.0427243542853727
0507,06079,0.12138449153195
0512,06071,0.666218471134498
0512,06065,0.333781528865506
0803,13115,0.0173811075903808
0803,13119,6.08887140238308e-06
0803,13129,0.0118944590834491
0803,13291,0.117231978758258
0803,13137,0.0441897414711682
0803,13159,0.040343230238247
0803,13085,0.00704556845058173
0803,13311,0.0337734510992253
0803,13047,0.00749316932400037
0803,13211,0.000266846664234761
0803,13169,0.0184219669129912
0803,13257,0.0284287446000272
0803,13011,0.00774287387681768
0803,37099,1.36092613083924e-10
0803,37039,4.99969434152423e-06
0803,37113,1.26924336450855e-06
0803,13281,0.0552837084976969
0803,45073,1.46228319207613e-05
0803,13213,0.0460272866618032
0803,13221,0.00222554016194576
0803,13133,0.0456181233975134
0803,13295,0.0327978296111291
0803,13241,0.134230433397359
0803,13219,0.000152859772622824
0803,47139,1.67230294879363e-05
0803,13237,0.0409962340031489
0803,13055,0.04100720569419
0803,13313,0.0185205557170333
0803,13035,0.00476957484142236
0803,13187,0.0449762843143897
0803,13207,0.000995434060044677
0803,13009,4.49479309987705e-06
0803,13111,0.105030343488454
0803,37043,3.11154263855613e-05
0803,13123,0.0930761342857016
0805,12129,0.14496524422771
0805,12127,6.24613843936849e-06
0805,12013,0.000669824392570028
0805,12069,0.0670525678619712
0805,12037,0.0186644418591379
0805,12117,0.000344345813790045
0805,12007,2.02466313428992e-05
0805,12005,0.000260854464776288
0805,12107,0.0176054953113454
0805,13101,7.2057496083402e-06
0805,12047,0.000325102974403695
0805,13299,7.10929295761888e-06
0805,13065,1.79853744883806e-05
0805,12091,5.63222769212834e-05
0805,12023,0.121432896350324
0805,12003,0.115688028919973
0805,12121,2.1061919754288e-08
0805,12083,0.22637745930169
0805,12113,4.33123248632401e-05
0805,12077,0.202343306678996
0805,12039,6.71261182444682e-07
0805,12073,0.0841113117314428
0807,28061,0.0130013032387986
0807,28017,0.017180494302051
0807,28145,0.0178020947002432
0807,28055,0.0117104262420329
0807,28009,0.070979458260577
0807,28073,2.36928086067318e-06
0807,28071,0.0407760326645252
0807,28085,0.00923434025171274
0807,28019,0.00821274773430879
0807,28139,0.0154034579461729
0807,28109,0.00844957727171257
0807,28111,0.0934108937197743
0807,28149,1.7385070626664e-05
0807,28101,0.0049151406249726
0807,28125,0.0390908102313836
0807,28035,0.0504429211108067
0807,28161,0.0245258069138909
0807,28131,0.0429343095572687
0807,28039,0.00977662080543994
0807,28123,0.0894245930865204
0807,28105,0.00012157456797898
0807,28115,0.00323473119625793
0807,28163,5.68267713285833e-05
0807,28029,0.00753719102406032
0807,28041,0.0205648905450331
0807,28005,0.0257376068476952
0807,28129,0.0563122576962166
0807,28153,0.0487313615178905
0807,28159,0.0240998624451813
0807,28053,1.99832618028887e-06
0807,28047,0.0463307324202074
0807,28059,0.0132128657496783
0807,28093,0.0510483735595707
0807,28043,5.08322171509888e-06
0807,28157,0.0201687513750409
0807,28079,2.07260073344338e-05
0807,28037,0.0793898749442512
0807,28063,0.0064883894299844
0807,28001,0.0118286272780128
0807,28067,0.0178174920626678
0810,05137,0.0508124588580187
0810,40001,1.50720558457183e-05
0810,40135,5.68967511531485e-06
0810,05083,0.0650307501874765
0810,05141,0.0249600601384828
0810,05071,0.154697641839956
0810,05129,0.0256515019412524
0810,05065,5.47046756837893e-05
0810,05149,0.0213529297844143
0810,05143,0.0306157108794783
0810,05101,0.166804654717826
0810,05107,0.00877953777618476
0810,05047,0.0783552456315333
0810,05033,0.0971616363436809
0810,05005,0.0548594072750962
0810,05077,0.0115318231924145
0810,05029,0.00662485709220914
0810,05007,0.00986465524560989
0810,05087,0.052161950982295
0810,05115,0.138315232781035
0810,05089,0.00234447892638478
0811,37057,0.00166325696085211
0811,47123,9.15568961706814e-06
0811,37027,0.0278066151768469
0811,37115,0.0455960122595921
0811,37151,0.0116534197879069
0811,13291,9.64781070603498e-07
0811,37031,0.0321288032756904
0811,37189,0.0165123473726893
0811,47019,6.35726008255508e-06
0811,37173,0.030341273402394
0811,37011,0.0406722123485126
0811,45077,3.51951371372904e-06
0811,37075,0.0635322873755757
0811,37049,0.0445418186508464
0811,37087,0.0468321737545108
0811,47059,1.11481776278251e-05
0811,47171,1.66148958457318e-05
0811,37099,0.0925383355304234
0811,37039,0.0912881557982687
0811,37113,0.109901715187396
0811,13281,7.14308292607727e-06
0811,47029,1.0864678568233e-05
0811,37167,3.29126908127407e-08
0811,45073,8.98607482197191e-06
0811,37121,0.0315576352120299
0811,37133,1.36916312866202e-05
0811,37199,0.0376912094890639
0811,37023,0.024571113124929
0811,37111,0.0419178438989366
0811,13241,2.78582059046548e-05
0811,47091,6.70999898620063e-06
0811,47139,1.57572429114492e-06
0811,37103,0.0249598985550132
0811,37021,0.0219153829731227
0811,37089,0.00994912383121968
0811,37123,0.0592888152991631
0811,37175,0.052946975253017
0811,37043,0.0400689528546147
0812,13073,1.30775442284736e-05
0812,45023,0.0164727452213118
0812,45081,0.00921931102203704
0812,13181,1.75764936410909e-05
0812,45089,2.89336852785066e-06
0812,45015,0.21838293129383
0812,45047,0.0410004037495385
0812,13137,4.06910134940576e-08
0812,45059,0.037533355676804
0812,45071,0.089709807770608
0812,45077,5.89353336381437e-05
0812,37099,8.80025580347446e-06
0812,45019,0.0859952852149054
0812,45037,0.080501077194014
0812,45073,0.101541296291598
0812,45001,0.0350693617598978
0812,13241,6.8478296824455e-05
0812,45039,0.0295524542919741
0812,45065,0.141363774590835
0812,45087,0.113486749365944
0812,45043,1.88223736533917e-07
0812,37175,1.45634946665729e-06
0813,48147,0.0356305654237673
0813,48005,0.072794154246478
0813,48277,2.21575243824243e-08
0813,48403,0.138690106138619
0813,48225,0.101938402771568
0813,48407,0.131054193156161
0813,48457,1.20915106587834e-05
0813,48471,0.0687925773562841
0813,48347,0.0311776304845221
0813,48497,0.0600263001154681
0813,48419,0.0884381756400752
0813,22031,1.68869297822184e-05
0813,48231,3.56976235121042e-06
0813,48337,3.52903654492301e-05
0813,22085,0.000138229914922529
0813,48073,2.52918977955148e-05
0813,48405,0.0859211158900741
0813,48291,2.43239084973762e-05
0813,48241,0.0252686042675665
0813,40013,4.4352234223892e-06
0813,48455,0.100798719754711
0813,48351,0.00130504827080945
0813,48339,0.0579042648135855
0804,47123,0.187263736404325
0804,37115,3.56505578739035e-05
0804,37189,3.35947948450078e-06
0804,47163,0.0537223824706998
0804,47019,0.149128812418857
0804,47179,0.0283815321365209
0804,37011,1.09081462472957e-05
0804,47107,0.00728871547982506
0804,51077,9.49385676688299e-05
0804,37075,2.85764422495416e-05
0804,37087,6.71265472079398e-06
0804,47059,0.0517243417269696
0804,47171,0.0969287507367275
0804,51191,0.000460868507360066
0804,37039,6.52094474728098e-06
0804,47029,0.101703859048349
0804,37121,2.84004232602887e-05
0804,13213,3.04995774806734e-06
0804,37199,1.88111693253612e-06
0804,47091,0.145400691359438
0804,47139,0.177478374217407
0804,37009,0.000269467094473465
0804,13111,2.84701084482915e-05
0808,51121,0.011161756208953
0808,54075,3.06979293921207e-05
0808,51167,0.00232702479527946
0808,51820,1.90016323187287e-05
0808,51009,0.0276246296796675
0808,51580,0.00104038550915267
0808,51027,3.65883085751686e-05
0808,51005,0.0824096317610066
0808,51045,0.0592030719912607
0808,54031,0.0209329572964898
0808,47163,1.6280309233433e-06
0808,21095,2.35566837827554e-06
0808,54027,0.0019268504451002
0808,51530,0.000175207306098735
0808,51019,0.0115846818096583
0808,51077,0.0158935142124697
0808,51071,0.0342057892063243
0808,51197,0.0313648167230298
0808,54055,5.77412242680672e-06
0808,51169,0.0169377443980581
0808,51035,0.00372346506036386
0808,51017,0.0980864374421391
0808,51173,0.0455958025649967
0808,51191,0.0178492244482075
0808,51161,0.00285152207996372
0808,51015,0.069106378227588
0808,51171,0.036845534552562
0808,21195,0.00414474464023846
0808,54063,0.00910894798266163
0808,51155,0.0154812177049024
0808,54025,1.51712029500376e-05
0808,51051,0.009027138517897
0808,51023,0.0575297035713109
0808,51720,0.000464723803282219
0808,54071,0.0223306613918723
0808,51139,0.00968762174542303
0808,51163,0.0373282618547607
0808,51125,0.0190413440903477
0808,51195,0.0384536636514654
0808,21133,0.0115095000256601
0808,51021,0.0581175992943602
0808,51105,0.0109050600273122
0808,51185,0.0198402611707788
0808,51165,0.0589602750894818
0808,51187,0.00333782368172356
0808,37009,2.99654921728784e-08
0808,51091,0.021596234184695
0808,51069,0.00217754499283665
0806,22111,2.00984360263249e-05
0806,22049,9.8620947545737e-08
0806,22043,0.199407986324268
0806,22027,0.0344412893333319
0806,22119,0.0214752435923555
0806,22079,0.19242890444266
0806,22127,0.226345003937443
0806,22115,0.10938934428815
0806,22085,2.16672872213824e-05
0806,22069,0.216402399520406
0806,22013,6.79642172072296e-05
0816,72085,0.0423064430680656
0816,72053,0.0590408496925343
0816,72029,0.133378906998641
0816,72123,0.00236862723497322
0816,72103,0.208602310943128
0816,72077,0.0371490638208953
0816,72037,0.0543396483434382
0816,72091,0.0010194978456344
0816,72057,0.00296200383269852
0816,72035,0.00084752371019432
0816,72031,0.00383801412202777
0816,72054,0.000603043669494936
0816,72119,0.342897546633012
0816,72089,0.110646520085262
0802,21231,0.00797686336840984
0802,47013,1.17461887805747e-06
0802,21193,0.0130963758598442
0802,21175,0.0131090624559233
0802,21237,0.0137703925263875
0802,21129,0.0372225218117153
0802,21151,0.0005381223628682
0802,21189,0.0380791430271782
0802,21051,0.140269576043001
0802,21095,0.0159581181555802
0802,21063,5.3201080199826e-07
0802,21197,0.0251149815394784
0802,21065,0.0399996974212327
0802,21235,0.0590361065560489
0802,21043,4.80424517146462e-06
0802,21013,0.00357572563086967
0802,21025,1.60123992611894e-05
0802,21131,0.126639708332163
0802,21121,5.50926453592262e-05
0802,21109,0.0643622423546823
0802,21135,7.04277696974793e-06
0802,21199,0.0412474913674758
0802,21125,0.0550085842100794
0802,21205,0.0620550119303238
0802,21203,0.0363909038674454
0802,21147,0.134979079444662
0802,21133,3.2001542653496e-06
0802,47137,8.30978079898258e-06
0802,21165,0.0478169418281703
0802,21069,2.37311094631442e-06
0802,47151,1.60838395881069e-05
0802,21011,0.0236387243240209
0809,05113,0.0940635006981818
0809,05083,0.00791043900168901
0809,05051,0.0778037687836112
0809,40089,0.163295092347207
0809,05127,0.173558246625331
0809,05105,0.0591298637156848
0809,05059,0.000709270878863745
0809,05149,0.100113817896069
0809,05081,1.91155108684352e-05
0809,05097,0.180973861473049
0809,40079,0.0973581568884781
0809,05061,0.00141899139590644
0809,05119,2.13686757666423e-06
0809,05125,0.0243386787900674
0809,05109,0.0102107959054373
0809,05131,0.00909426322193445
0519,06061,0.293382914425304
0519,32005,0.127948309898759
0519,32510,0.0422431247779002
0519,06003,0.012997255039311
0519,06017,0.422378263432876
0519,32031,0.101050132425972
0615,41035,4.13302309509349e-05
0615,41029,0.0118528949375619
0615,41039,0.147696435029785
0615,41019,0.840409339801688
0601,41035,0.218914535478716
0601,41043,1.29552334887969e-05
0601,41037,0.0933432744340587
0601,41039,0.00105057757084289
0601,41019,8.36734589752346e-06
0601,41017,0.58320901151982
0601,41031,0.103461278417126
0607,41013,0.601522978092915
0607,41023,0.0647746638783892
0607,41069,0.143463580555895
0607,41017,2.75932119886496e-06
0607,41031,0.190236018151609
0609,53031,0.247466452069363
0609,53009,0.341527197912705
0609,53027,0.214544774789463
0609,53045,0.196446339516787
0609,53067,1.52357117301899e-05
0605,53037,0.00361914700032412
0605,53061,0.33282431753092
0605,53077,1.27545749005142e-05
0605,53073,0.150823423606195
0605,53007,0.00016859971730485
0605,53033,0.267473340808847
0605,53057,0.171132440143502
0605,53053,0.0739422312502675
0610,41035,0.0366076328594436
0610,41029,0.252978177174073
0610,41011,0.0446855586366486
0610,41019,0.0344944966253595
0610,41033,0.225361947900573
0610,06015,0.0202168631753776
0610,41015,0.354205791702019
0610,06093,0.0314495319264933
0614,41063,0.0831187087041376
0614,41049,0.105624669379371
0614,41001,3.22700805874144e-05
0614,41023,0.226019916909266
0614,41069,0.0295542162840711
0614,53013,0.107647731678607
0614,41061,0.0725657076397169
0614,53003,0.0365359491404986
0614,53023,0.0641940726148569
0614,53071,0.00203337393606556
0614,41059,0.272673383632828
0617,53041,3.16293173442284e-05
0617,53037,0.130912047702356
0617,53061,2.48621508306678e-05
0617,53077,0.113331413398546
0617,53047,0.36134358027507
0617,53073,0.0381704556909046
0617,53007,0.347582277738854
0617,53019,2.00601422588152e-05
0617,53017,5.28930351728605e-07
0617,53033,2.00639384143293e-05
0617,53057,0.00853420569876199
0617,53053,2.63595652675851e-05
0621,53047,6.75307465467263e-05
0621,53065,0.212788338903805
0621,16017,2.52495744050085e-06
0621,53051,0.413119116983062
0621,53019,0.374016377259029
0602,41035,0.581341542306013
0602,41029,1.26593213626007e-08
0602,41037,0.418654618034429
0602,41019,3.62281042053736e-06
0602,06049,2.04189780784965e-07
0503,06009,0.000145271717272769
0503,06061,0.110523994920203
0503,06003,0.0701156470476886
0503,06017,0.705743475048251
0503,06005,0.113471611266554
0517,06091,0.379881557935135
0517,06061,0.313053773740714
0517,06017,7.27935155685118e-06
0517,06115,0.0289858901781318
0517,32031,5.88380414552338e-05
0517,06057,0.267592649124295
0517,06063,0.0104200116286985
0504,32021,0.0262985151101683
0504,06027,0.384182653493888
0504,06051,0.431936617205716
0504,06109,0.000192121662675567
0504,06019,0.0116712386996192
0504,06039,0.0238291456203449
0504,06107,0.08927356791788
0504,32009,0.0326161402897817
0513,06029,0.280021007537016
0513,06019,0.098545274090168
0513,06107,0.621433718372831
0104,16055,0.094430318435869
0104,16009,0.0202551719909208
0104,16017,0.190015938924845
0104,30089,0.00214463041686141
0104,53051,0.0426408173433781
0104,30053,0.00746519436469133
0104,16035,0.00240567499229844
0104,16079,0.446064063306956
0104,16057,0.0057490734419319
0104,30061,2.69861233765009e-05
0104,16021,0.188799215594626
0103,16049,0.281078972700188
0103,30039,1.21596674853365e-05
0103,16059,4.67543527301085e-05
0103,30023,1.37586841237474e-07
0103,30081,0.711508400169532
0103,30063,0.0073489722090398
0103,30001,4.60331420396812e-06
0111,30059,0.00687357046909964
0111,30087,0.0299452358211492
0111,30097,0.088989003513083
0111,30011,0.0289062238654258
0111,30031,0.230006668225534
0111,30003,2.14356837477074e-07
0111,46063,0.0229630259998665
0111,30017,1.33415971876801e-07
0111,30009,0.0983233073071608
0111,16043,1.61771364617846e-05
0111,30067,0.277168918423191
0111,56029,5.96774913474779e-07
0111,30095,0.058090887879135
0111,30075,0.117126694304962
0111,30057,0.0415893425072046
0118,38085,0.00507655402829041
0118,46137,7.57337233456811e-05
0118,38089,2.8279029600435e-05
0118,38011,1.21249005234109e-05
0118,38049,0.000808862255651069
0118,38087,0.106140459558073
0118,46041,0.00238572130591253
0118,38001,2.36235555330062e-06
0118,38007,0.226401270780772
0118,38077,0.02258257631736
0118,30083,1.64571942391801e-07
0118,30109,2.14429802652337e-05
0118,38037,0.000346679045628998
0118,38053,0.396776983543613
0118,46105,0.0988251695245969
0118,38073,0.0362855474460445
0118,30025,9.11061074947987e-06
0118,38033,0.0734962121671945
0118,38025,0.00229335166381889
0118,46031,0.0284313941910479
0115,30065,3.44260632807777e-08
0115,30015,0.0102746660129043
0115,30059,0.188521880465063
0115,30097,0.00158427127070816
0115,30049,0.291192686177243
0115,30073,0.0337954992426768
0115,30031,0.0062525312592135
0115,30013,0.0657189521226814
0115,30029,1.77857004683682e-05
0115,30027,0.0307066453380572
0115,30007,0.071627538313125
0115,30037,0.00774299667657598
0115,30045,0.0973582628758993
0115,30077,0.0532594168413601
0115,30067,0.000586913499017268
0115,30099,0.0741132178341936
0115,30035,0.0101347386195036
0115,30043,0.0358985347497972
0115,30107,0.0212134285754366
0114,30029,0.0284501101814342
0114,16017,0.0152580883600539
0114,30089,0.177938539180557
0114,30053,0.774257166876881
0114,16079,3.3376617509233e-05
0114,16021,0.00406046597135632
0116,30049,0.028726354688642
0116,16049,6.86356967325416e-06
0116,30029,0.0151316643721849
0116,30089,0.209610763991936
0116,30053,6.14371399715438e-06
0116,30039,0.0762438505487185
0116,16035,3.4083103386653e-05
0116,16079,0.000100710939696685
0116,30077,0.0604108060560468
0116,30047,0.000135455402543583
0116,30061,0.282059152455786
0116,30081,0.00311693080814715
0116,30063,0.324417220349248
